,Churn,customer_id,churn_prediction
0,0.2788166427842357,4531-AUZNK,0
1,0.11644870014619739,2296-DKZFP,0
2,0.553171057406132,9692-TUSXH,1
3,0.6006725238628947,5129-JLPIS,1
4,0.6164725723405053,1273-MTETI,1
5,0.39919745840551224,8757-TFHHJ,0
6,0.2018926809831006,1322-AGOQM,0
7,0.11840170181572547,0743-HRVFF,0
8,0.2757042160342349,0943-ZQPXH,0
9,0.3945968604347738,3932-CMDTD,0
10,0.001981882631793527,6892-BOGQE,0
11,0.5446458765530447,0224-HJAPT,1
12,0.5210273708185421,2439-LYPMQ,1
13,0.3626525443183424,7924-GJZFI,0
14,0.09412645241001143,0823-HSCDJ,0
15,0.44748687765945955,4826-TZEVA,0
16,0.2661946639717445,5151-HQRDG,0
17,0.6808663217781475,6734-GMPVK,1
18,0.40353636263141185,3951-NJCVI,0
19,0.23303270772485934,0733-VUNUW,0
20,0.19644514984643358,3571-DPYUH,0
21,0.001251546071146435,9824-QCJPK,0
22,0.0037282534193264277,7876-DNYAP,0
23,0.21834418119918683,3890-RTCMS,0
24,0.896788744729604,7594-RQHXR,1
25,0.0884775724963438,3229-USWAR,0
26,0.024086206302792557,5995-LFTLE,0
27,0.5648744384106628,1456-TWCGB,1
28,0.026742097273105326,1552-TKMXS,0
29,0.7507112134008797,3276-HDUEG,1
30,0.761984094760452,0302-JOIVN,1
31,0.25963060926593423,2830-LEWOA,0
32,0.18359193882546368,5649-TJHOV,0
33,0.28843679817146556,5886-VLQVU,0
34,0.01875236317211301,1395-WSWXR,0
35,0.6114570883790187,6518-LGAOV,1
36,0.4768989604420637,4514-GFCFI,0
37,0.3849243590326941,1635-FJFCC,0
38,0.3031540198209801,7611-YKYTC,0
39,0.10190454523305408,5829-NVSQN,0
40,0.006465832052902203,0394-YONDK,0
41,0.14599636284814177,0991-BRRFB,0
42,0.0014252743869547836,5980-BDHPY,0
43,0.01845555422650631,8249-THVEC,0
44,0.025749509983625442,5039-LZRQT,0
45,0.21973899945970604,9115-YQHGA,0
46,0.006810858943849727,8174-LNWMW,0
47,0.016634000730508705,5038-ETMLM,0
48,0.3840883434382555,6815-ABQFQ,0
49,0.675942201435373,8086-OVPWV,1
50,0.03333188114959254,5451-MHQOF,0
51,0.15335035047089743,1991-VOPLL,0
52,0.0037207337462164623,6725-TPKJO,0
53,0.07942501622038868,8879-ZKJOF,0
54,0.12787444883202237,3597-YASZG,0
55,0.13332170041555272,2969-WGHQO,0
56,0.17243175250421683,8006-PYCSW,0
57,0.09322187393042965,3347-YJZZE,0
58,0.07472971781054125,1696-MZVAU,0
59,0.4637238642358941,5931-FLJJF,0
60,0.7731967734843131,3440-JPSCL,1
61,0.23916222981691515,7923-IYJWY,0
62,0.33059627917611034,8718-PTMEZ,0
63,0.6565658722448974,0067-DKWBL,1
64,0.02035286042568824,6625-IUTTT,0
65,0.507410441233816,8637-XJIVR,1
66,0.003271701488950666,2509-TFPJU,0
67,0.0010223274349501947,0464-WJTKO,0
68,0.03987347190838947,8292-FRFZQ,0
69,0.5982866822823467,6844-DZKRF,1
70,0.6719057899926859,3249-ZPQRG,1
71,0.6101667518040335,7580-UGXNC,1
72,0.038077862012668356,3050-RLLXC,0
73,0.635044784734297,0581-BXBUB,1
74,0.5028685668669935,8552-OBVRU,1
75,0.015011883941209251,2388-LAESQ,0
76,0.02174593271230988,4488-PSYCG,0
77,0.6104970761998737,9436-ZBZCT,1
78,0.659828861697947,2074-GKOWZ,1
79,0.36434747022591424,9753-OYLBX,0
80,0.47909251054193513,3055-MJDSB,0
81,0.04826520716462904,5781-RFZRP,0
82,0.27514724372605615,9761-XUJWD,0
83,0.2817997607308697,0118-JPNOY,0
84,0.022452648082139412,8874-EJNSR,0
85,0.8771955095420998,2867-UIMSS,1
86,0.0231509569828345,9975-GPKZU,0
87,0.5143134466490072,6100-QQHEB,1
88,0.13093737802903518,2896-TBNBE,0
89,0.013678550607875919,7359-WWYJV,0
90,0.5506367410076747,6646-JPPHA,1
91,0.8711283864552826,5550-VFRLC,1
92,0.861023586040554,2202-CUYXZ,1
93,0.6242268662668636,8035-PWSEV,1
94,0.5338538666775109,3703-KBKZP,1
95,0.642773903841219,5599-HVLTW,1
96,0.14470369940760816,5382-TEMLV,0
97,0.024078152794339,6339-TBELP,0
98,0.19603130473269495,7207-RMRDB,0
99,0.020385560045362027,2469-DTSGX,0
100,0.09719665966071085,3704-IEAXF,0
101,0.04209679153135472,6368-TZZDT,0
102,0.1301755184670421,7129-AZJDE,0
103,0.05520334082294104,6407-GSJNL,0
104,0.06626617336303743,9150-HEPMB,0
105,0.06881307158476054,1506-YJTYT,0
106,0.05838845569732118,7134-HBPBS,0
107,0.0016458984181137782,3635-QQRQD,0
108,0.3312112524381424,6549-NNDYT,0
109,0.45106847629674524,9796-BPKIW,0
110,0.3410653236581983,8069-YQQAJ,0
111,0.7000088660339494,8242-SOQUO,1
112,0.004869291522488736,3308-DGHKL,0
113,0.8623854295850621,8740-CRYFY,1
114,0.10090346275619572,8109-YUOHE,0
115,0.3630141368925809,3976-NLDEZ,0
116,0.011934706769210263,6248-BSHKG,0
117,0.0049046272115346725,3970-XGJDU,0
118,0.2920218910461727,0634-SZPQA,0
119,0.021400596232473746,2589-AYCRP,0
120,0.10191714512716382,3800-LYTRK,0
121,0.0055961946328956635,6563-VRERX,0
122,0.08860110432370016,9938-ZREHM,0
123,0.3028644921564274,2220-IAHLS,0
124,0.09536680962648365,8979-CAMGB,0
125,0.019357783623956296,0270-THENM,0
126,0.6086403355348011,9611-CTWIH,1
127,0.42217841790264443,8885-QSQBX,0
128,0.00817241445340588,9030-QGZNL,0
129,0.2148203233319079,2810-FTLEM,0
130,0.7699246362574137,6350-XFYGW,1
131,0.1497823345026124,6993-YGFJV,0
132,0.21466629294668735,4097-YODCF,0
133,0.37013187003885,0376-OIWME,0
134,0.5135117487710906,5022-JNQEQ,1
135,0.47920413453746824,5515-AKOAJ,0
136,0.7348268318913219,6956-SMUCM,1
137,0.6508444846506966,5103-MHMHY,1
138,0.07106074661475562,9391-DXGGG,0
139,0.1686012015139584,7519-JTWQH,0
140,0.10547457393260844,6131-FOYAS,0
141,0.7655626973116219,9681-OXGVC,1
142,0.7527888958242034,1977-STDKI,1
143,0.262958994552247,7302-ZHMHP,0
144,0.6176842367012987,0661-XEYAN,1
145,0.023123870402460413,6007-TCTST,0
146,0.017323257776168433,1682-VCOIO,0
147,0.8007462702615896,2454-RPBRZ,1
148,0.4117701632586323,8710-YGLWG,0
149,0.040668348564638475,0742-LAFQK,0
150,0.0016458984181137782,7064-JHXCE,0
151,0.2678162919136977,8242-JSVBO,0
152,0.3987649309877655,1471-GIQKQ,0
153,0.11222350073881161,6778-EICRF,0
154,0.27281262413288304,1360-XFJMR,0
155,0.004373842063143943,5702-KVQRD,0
156,0.030993103787496562,7602-MVRMB,0
157,0.5936367686319725,0236-HFWSV,1
158,0.09401319187621947,0880-FVFWF,0
159,0.03537085155172456,9052-DHNKM,0
160,0.011983532862533024,6121-TNHBO,0
161,0.22979371712707383,4693-VWVBO,0
162,0.6335136158028338,1565-RHDJD,1
163,0.20933439298629736,0696-UKTOX,0
164,0.3576040540796612,8267-KFGYD,0
165,0.0013345919005081253,2632-TACXW,0
166,0.029709494714792027,1744-JHKYS,0
167,0.2778294806789061,0578-SKVMF,0
168,0.5190170973159269,0670-KDOMA,1
169,0.4782230960566195,8065-BVEPF,0
170,0.053304296880963574,3301-VKTGC,0
171,0.852271223950184,7660-HDPJV,1
172,0.10743382294925917,2843-CQMEG,0
173,0.020808341745107345,6870-ZWMNX,0
174,0.0019658317854321494,1403-LKLIK,0
175,0.7911175290367247,2446-BEGGB,1
176,0.09435202295187262,6164-HAQTX,0
177,0.7909527854449578,3387-VATUS,1
178,0.1335895435796364,3407-JMJQQ,0
179,0.03383201925799098,3580-HYCSP,0
180,0.41861482292777863,5453-AXEPF,0
181,0.7421634814065585,4132-KALRO,1
182,0.04797738782668146,6506-EYCNH,0
183,0.6308014138024847,6400-BWQKW,1
184,0.05792975967608567,6916-HIJSE,0
185,0.12431613535541693,5186-PEIZU,0
186,0.012796517714973582,6048-NJXHX,0
187,0.0013345919005081253,6134-KWTBV,0
188,0.10218015697497228,6289-CPNLD,0
189,0.6068653997038581,5312-UXESG,1
190,0.8926965165443526,2514-GINMM,1
191,0.0374856328269545,2580-ASVVY,0
192,0.07896816753843396,6416-JNVRK,0
193,0.04672892456640645,3739-YBWAB,0
194,0.11875858575872371,6917-YACBP,0
195,0.24149902038117407,8614-VGMMV,0
196,0.07795359469444735,5181-OABFK,0
197,0.030714147635827596,2977-CEBSX,0
198,0.6392261969170598,1624-NALOJ,1
199,0.012676201761045822,5495-GPSRW,0
200,0.02543831395635441,6303-KFWSL,0
201,0.3567796562552635,5624-BQSSA,0
202,0.14828664149908133,6681-ZSEXG,0
203,0.6259641850355572,9185-TQCVP,1
204,0.4006815785509257,8272-ONJLV,0
205,0.30631932414947766,3398-ZOUAA,0
206,0.06921957519166004,9140-CZQZZ,0
207,0.009681302635712376,6418-PIQSP,0
208,0.6187113627424821,9637-EIHEQ,1
209,0.007089989337745668,9953-ZMKSM,0
210,0.0617954038868399,9830-ECLEN,0
211,0.5978834018184369,9058-CBREO,1
212,0.06108309265245056,5321-NTRKC,0
213,0.03258128116009136,4654-DLAMQ,0
214,0.3210740955798073,4673-KKSLS,0
215,0.7641507205886735,1031-IIDEO,1
216,0.012197200487069572,3512-IZIKN,0
217,0.6490493008391222,4439-JMPMT,1
218,0.30917562217018124,0027-KWYKW,0
219,0.009599536634602036,4291-YZODP,0
220,0.1736383662103253,0212-ISBBF,0
221,0.4195068178845378,3014-WJKSM,0
222,0.3529144205345064,0411-EZJZE,0
223,0.02071370448714219,6698-OXETB,0
224,0.347473465010561,0193-ESZXP,0
225,0.013623697716038661,6202-JVYEU,0
226,0.24221676646003998,1848-LBZHY,0
227,0.7878606842272462,8161-QYMTT,1
228,0.13024327562239768,0454-OKRCT,0
229,0.0156360153366953,1215-EXRMO,0
230,0.16326427856525993,0931-MHTEM,0
231,0.06480884587821131,5985-BEHZK,0
232,0.3838587184922939,9921-EZKBY,0
233,0.010510223577806961,4878-BUNFV,0
234,0.3213138590796865,4811-JBUVU,0
235,0.47582189345343634,5673-FSSMF,0
236,0.44230442561292777,4301-VVZKA,0
237,0.4849322608565137,4828-FAZPK,0
238,0.01428738935582873,6000-UKLWI,0
239,0.24474398457028151,7395-XWZOY,0
240,0.5378107541828995,6380-ARCEH,1
241,0.18182615284768722,3729-OWRVL,0
242,0.809343529396019,2856-HYAPG,1
243,0.13426616576601255,7856-GANIL,0
244,0.11624633980889448,4459-BBGHE,0
245,0.012537458843506646,9661-JALZV,0
246,0.11760077391148185,7753-USQYQ,0
247,0.015453583793097678,1015-JPFYW,0
248,0.03486205708134645,7665-NKLAV,0
249,0.2832952537398627,9053-EJUNL,0
250,0.001496702958383355,5117-ZSMHQ,0
251,0.22562475246280325,0117-LFRMW,0
252,0.5194835655972202,9389-ACWBI,1
253,0.14029155539464253,6946-LMSQS,0
254,0.31243692139053325,1725-MIMXW,0
255,0.004229986679680378,3996-ZNWYK,0
256,0.22560787585547026,0899-WZRSD,0
257,0.0368327092366637,8815-LMFLX,0
258,0.11776626357269658,0699-NDKJM,0
259,0.7676493595561523,2424-WVHPL,1
260,0.05065227798241409,6797-LNAQX,0
261,0.6020769089382098,2043-WVTQJ,1
262,0.0879753891605291,4057-FKCZK,0
263,0.011563405985488053,8512-WIWYV,0
264,0.013678550607875919,5135-GRQJV,0
265,0.8329263224939869,5597-GLBUC,1
266,0.034967702973137005,7997-EASSD,0
267,0.002001258567174792,4785-FCIFB,0
268,0.001651546071146435,1755-FZQEC,0
269,0.45999791884067015,5364-XYIRR,0
270,0.23775576920678781,7572-KPVKK,0
271,0.0035693841983980823,5115-SQAAU,0
272,0.027045876007339348,6147-CBCRA,0
273,0.42157744031948174,3692-JHONH,0
274,0.011702071469561705,1088-CNNKB,0
275,0.026374826317890007,3810-DVDQQ,0
276,0.45331386592498674,7831-QGOXH,0
277,0.12318022204937742,3474-BAFSJ,0
278,0.38309133578393206,3842-IYKUE,0
279,0.5550326128083262,8519-QJGJD,1
280,0.7532471001585687,9747-DDZOS,1
281,0.07480769350182757,4106-HADHQ,0
282,0.026374826317890007,0017-IUDMW,0
283,0.5732126304928107,4763-PGDPO,1
284,0.3536366509392304,8751-EDEKA,0
285,0.0759383264331785,3104-OWCGK,0
286,0.5221232093296514,3148-BLQJT,1
287,0.5140926044538778,2815-CPTUL,1
288,0.10817953804926905,5073-WXOYN,0
289,0.39495073953682946,4760-THGOT,0
290,0.036004245195487956,2724-FJDYW,0
291,0.019648833637531907,7639-OPLNG,0
292,0.10823624350043584,3298-QEICA,0
293,0.16406735691358837,9362-MWODR,0
294,0.0023182127378131015,7446-SFAOA,0
295,0.02659626666657791,4737-AQCPU,0
296,0.010370713801120817,9522-ZSINC,0
297,0.03427803876420035,3745-HRPHI,0
298,0.34623001789158964,2669-QVCRG,0
299,0.02478834994777861,0980-FEXWF,0
300,0.00042527438695478354,6701-YVNQG,0
301,0.1257657439393099,1177-XZBJL,0
302,0.04677694276681257,7771-CFQRQ,0
303,0.25963060926593423,2252-JHJGE,0
304,0.0636878808429398,0661-KBKPA,0
305,0.06836799555015138,8851-RAGOV,0
306,0.15165248932169115,6979-TNDEU,0
307,0.006465832052902203,2072-ZVJJX,0
308,0.024548809905341383,1222-KJNZD,0
309,0.043254561041993045,9372-TXXPS,0
310,0.11547709200349905,5982-PSMKW,0
311,0.307716048092906,2495-KZNFB,0
312,0.5657136198471848,0207-MDKNV,1
313,0.23999390659258682,1346-PJWTK,0
314,0.3544964059080333,3758-CKOQL,0
315,0.09251838745690906,6959-GQEGV,0
316,0.4812711997672369,2604-IJPDU,0
317,0.09350956295473235,6174-NRBTZ,0
318,0.018018620528159567,6323-AYBRX,0
319,0.01930966570593391,0048-PIHNL,0
320,0.11636495686487874,7811-JIVPF,0
321,0.5960621234699125,7729-JTEEC,1
322,0.001981882631793527,5846-ABOBJ,0
323,0.6319143768357833,9221-OTIVJ,1
324,0.026374826317890007,2889-FPWRM,0
325,0.01626713558759252,7945-HLKEA,0
326,0.10602462086376496,9367-TCUYN,0
327,0.022581369837235687,2277-BKJKN,0
328,0.1445620442324261,7633-MVPUY,0
329,0.7961487470417754,4315-MURBD,1
330,0.36124028109855255,0734-OXWBT,0
331,0.2918556121442557,8714-EUHJO,0
332,0.38052704770051676,0818-OCPZO,0
333,0.75589734265121,0021-IKXGC,1
334,0.0663826389851027,8383-SGHJU,0
335,0.555703348042099,6347-DCUIK,1
336,0.6508444846506966,1976-CFOCS,1
337,0.6238343653902749,4854-CIDCF,1
338,0.10794854076919486,9127-QRZMH,0
339,0.5194397398550682,1196-AMORA,1
340,0.49001571129626514,6713-OKOMC,0
341,0.26710333706052086,9820-RMCQV,0
342,0.0033099091342966,5902-WBLSE,0
343,0.664985065958692,7563-BIUPC,1
344,0.23578405769376204,7683-CBDKJ,0
345,0.035999001415032934,6522-OIQSX,0
346,0.695840041109525,0388-EOPEX,1
347,0.061704742773118895,7921-BEPCI,0
348,0.010348741674533988,8859-DZTGQ,0
349,0.23890662030597215,3683-QKIUE,0
350,0.04976703745563385,2144-ESWKO,0
351,0.015637756366939416,5057-RKGLH,0
352,0.3140242334197221,2692-PFYTJ,0
353,0.05953502187666105,3021-VLNRJ,0
354,0.11948057089986486,1045-LTCYT,0
355,0.071489077463111,7401-JIXNM,0
356,0.6054935715377835,2657-VPXTA,1
357,0.38052704770051676,5022-KVDQT,0
358,0.4387071290607003,2305-MRGLV,0
359,0.07080247854379357,3865-YIOTT,0
360,0.1993263127425432,9577-WJVCQ,0
361,0.07584567498530163,3847-BAERP,0
362,0.05357221035290109,4032-RMHCI,0
363,0.30016645110775797,7658-UYUQS,0
364,0.5810435165324809,9274-UARKJ,1
365,0.0016458984181137782,0847-HGRML,0
366,0.5373844736711101,6078-VESFR,1
367,0.5970134901572608,4223-WOZCM,1
368,0.10394001501555883,0942-KOWSM,0
369,0.3355358159151369,7789-HKSBS,0
370,0.20431199036531708,9432-RUVSL,0
371,0.710482580175488,3644-QXEHN,1
372,0.2649465694245983,4683-WYDOU,0
373,0.68619711202924,0925-VYDLG,1
374,0.2579633259604858,2960-NKRSO,0
375,0.06499408689549646,2639-UGMAZ,0
376,0.07668097410315307,2898-LSJGD,0
377,0.43306755573013817,2884-GBPFB,0
378,0.48629246740042836,4659-NZRUF,0
379,0.32426676425841827,0867-LDTTC,0
380,0.05377338184335449,7781-EWARA,0
381,0.7569113279046662,4822-RVYBB,1
382,0.001057663123996131,9800-OUIGR,0
383,0.0698365669176002,3533-UVMOM,0
384,0.06437267619272412,8457-XIGKN,0
385,0.03878586657338646,2990-OGYTD,0
386,0.03675196788394888,5203-XEHAX,0
387,0.036880770597051755,8295-KMENE,0
388,0.4083412206068568,8720-RQSBJ,0
389,0.6436521592491508,9799-CAYJJ,1
390,0.38593839710922717,3717-OFRTN,0
391,0.8756213785550492,2868-MZAGQ,1
392,0.06957220798515576,8606-OEGQZ,0
393,0.01429799069768733,9065-ZCPQX,0
394,0.6922809900056474,4587-NUKOX,1
395,0.1989131001488048,8985-OOPOS,0
396,0.33603265981761693,7636-OWBPG,0
397,0.0633887044330507,5825-XJOCM,0
398,0.42238956713921033,4183-WCSEP,0
399,0.013932255443182561,5275-PMFUT,0
400,0.6190604088829097,1751-NCDLI,1
401,0.024725172616582913,6693-DJWTY,0
402,0.09710466305309166,4002-BQWPQ,0
403,0.15093672171181644,6954-OOYZZ,0
404,0.17281093943940123,9039-RBEEE,0
405,0.0662692864395193,5170-PTRKA,0
406,0.160970272629257,7346-MEDWM,0
407,0.3251896707023392,5233-GEEAX,0
408,0.20259131487033122,3511-APPBJ,0
409,0.21624728658532927,7143-BQIBA,0
410,0.10834250094180309,2967-MXRAV,0
411,0.012123703668502312,7473-ZBDSN,0
412,0.436231829578622,0265-EDXBD,0
413,0.1593986635808685,1386-ZIKUV,0
414,0.31756683785902623,0420-BWTPW,0
415,0.0897441852509639,1009-IRMNA,0
416,0.002714178197597724,3938-YFPXD,0
417,0.03780459946289625,3727-OWVYD,0
418,0.600452021149867,5937-EORGB,1
419,0.060586764388306215,2791-SFVEW,0
420,0.21786399945970605,0980-PVMRC,0
421,0.028590464443306703,3648-GZPHF,0
422,0.06759921773378912,9677-AVKED,0
423,0.07446307949902055,1576-PFZIW,0
424,0.5372715691681356,9462-MJUAW,1
425,0.49222492292770764,7511-YMXVQ,0
426,0.4061366615589808,7128-GGCNO,0
427,0.10078014921646955,7492-TAFJD,0
428,0.023758511582316122,8901-UPRHR,0
429,0.02906542159375787,5044-XDPYX,0
430,0.7293658943494091,1010-DIAUQ,1
431,0.5917099693862692,2691-NZETQ,1
432,0.42304058007914624,7586-ZATGZ,0
433,0.07931427751612703,1810-MVMAI,0
434,0.5214055612248713,7296-PIXQY,1
435,0.7358047486669471,9985-MWVIX,1
436,0.6451823409133258,7028-DVOIQ,1
437,0.022782832414483752,0420-TXVSG,0
438,0.04694175122070956,6953-PBDIN,0
439,0.05142557923372174,1090-ESELR,0
440,0.5813853635213735,8903-XEBGX,1
441,0.019642965572611276,9541-PWTWO,0
442,0.04072256911143041,1099-BTKWT,0
443,0.24248863029088313,8807-ARQET,0
444,0.3529928514013264,0673-IGUQO,0
445,0.5408595052354886,0709-TVGUR,1
446,0.5719670511841972,9269-CQOOL,1
447,0.12207978018367215,7798-JVXYM,0
448,0.04629946095736665,7524-VRLPL,0
449,0.030433033441906135,8752-IMQOS,0
450,0.1857518647794964,0048-LUMLS,0
451,0.48167344005385637,6410-LEFEN,0
452,0.27875368787645805,5149-TGWDZ,0
453,0.23764933052050258,5514-YQENT,0
454,0.6049340517953526,3063-QFSZL,1
455,0.01451795634014947,4458-KVRBJ,0
456,0.012083622574714735,6631-HMANX,0
457,0.2502353584115404,3069-SSVSN,0
458,0.17049954685977842,4366-CTOUZ,0
459,0.074195942376936,4685-ERGHK,0
460,0.015642135587592518,5756-OZRIO,0
461,0.2619655049839357,3845-JHAMY,0
462,0.579503366704056,5935-FCCNB,1
463,0.12801529767361008,3468-DRVQJ,0
464,0.38671566800178253,3583-KRKMD,0
465,0.05236301091282403,2419-FSORS,0
466,0.1742084701048748,1357-BIJKI,0
467,0.5200382131743829,4480-QQRHC,1
468,0.5268881878537218,1589-AGTLK,1
469,0.5886588788004326,9631-XEYKE,1
470,0.8747174977411487,7503-ZGUZJ,1
471,0.029413371888969378,3452-FLHYD,0
472,0.5071612817755784,5219-YIPTK,1
473,0.077840649829839,5951-AOFIH,0
474,0.003933480117460184,3774-VBNXY,0
475,0.03256579246534415,8348-JLBUG,0
476,0.3830406856948469,0396-YCHWO,0
477,0.42031222823050884,5419-JKZNQ,0
478,0.6516093404255777,8808-ELEHO,1
479,0.04889525595442126,4950-HKQTE,0
480,0.029022549881726017,6933-FHBZC,0
481,0.6475678107704422,3165-HDOEW,1
482,0.22373390246079622,9097-ZUBYC,0
483,0.4280531441069867,1482-OXZSY,0
484,0.007089989337745668,8946-BFWSG,0
485,0.433551069900779,4256-ZWTZI,0
486,0.06360090355867089,4393-OBCRR,0
487,0.04622533125195234,0074-HDKDG,0
488,0.6534398303249476,0468-YRPXN,1
489,0.019128190391198653,7010-ZMVBF,0
490,0.682989647819938,5835-BEQEU,1
491,0.0726214123313334,9755-JHNMN,0
492,0.005776267326878947,8084-OIVBS,0
493,0.4356208359813015,4039-HEUNW,0
494,0.4371629851075298,3446-QDSZF,0
495,0.2169293545801489,9873-MNDKV,0
496,0.10651566476983147,6341-JVQGF,0
497,0.008080133635975251,8859-YSTWS,0
498,0.7107025009832849,1777-JYQPJ,1
499,0.6085617239453847,2688-BHGOG,1
500,0.049120213784363695,7032-LMBHI,0
501,0.3406937091183402,6005-OBZPH,0
502,0.1296922163353252,8311-UEUAB,0
503,0.5960621234699125,4959-JOSRX,1
504,0.7192671581866991,4927-WWOOZ,1
505,0.25238981950320566,5334-JLAXU,0
506,0.27166125770056615,6322-PJJDJ,0
507,0.007613704472574884,2682-KEVRP,0
508,0.6108218796765283,6905-NIQIN,1
509,0.002667925233841459,6685-XSHHU,0
510,0.15129162154925238,6993-YCOBK,0
511,0.025057986381910896,3887-PBQAO,0
512,0.07872286464750763,4697-LUPSU,0
513,0.43574649881223193,9465-RWMXL,0
514,0.08359439416406791,3981-QSVQI,0
515,0.007394542922078137,4451-RWASJ,0
516,0.08973800830831971,2256-YLYLP,0
517,0.36018163502115264,9701-CDXHR,0
518,0.18586926485468522,6664-FPDAC,0
519,0.6845045336819776,5351-QESIO,1
520,0.2864550402113039,3258-SANFR,0
521,0.7622197710727318,2968-SSGAA,1
522,0.49587998864482763,1421-HCERK,0
523,0.3586418634608482,7534-BFESC,0
524,0.1569096155602118,1357-MVDOZ,0
525,0.023870699326504576,9548-LERKT,0
526,0.4176736461653015,5244-IRFIH,0
527,0.39125130222982696,7982-VCELR,0
528,0.0022434562051366017,5727-MYATE,0
529,0.3964499595115051,7401-RUBNK,0
530,0.4727039586977873,3999-QGRJH,0
531,0.7536329002625137,1853-UDXBW,1
532,0.35702873294587145,7434-SHXLS,0
533,0.27697683950481033,5934-RMPOV,0
534,0.014223701436122862,1488-SYSFC,0
535,0.5526409123515656,8065-YKXKD,1
536,0.011035809788636369,5442-PPTJY,0
537,0.7141356732860225,4236-UJPWO,1
538,0.07954315991483277,5245-VDBUR,0
539,0.10189845336749247,9796-MVYXX,0
540,0.02664153524789785,9507-HSMMZ,0
541,0.0992013270115921,5566-SOEZD,0
542,0.011753635576924923,1498-NHTLT,0
543,0.4083412206068568,9214-EKVXR,0
544,0.4083412206068568,1895-QTKDO,0
545,0.62641643049339,6519-CFDBX,1
546,0.6070910419097719,0354-WYROK,1
547,0.032515890023169174,1837-YQUCE,0
548,0.0013395572578237453,4750-UKWJK,0
549,0.20043790988512508,7766-CLTIC,0
550,0.0013069948170623105,9675-ICXCT,0
551,0.058195066378517,2996-XAUVF,0
552,0.01688688394120925,0906-QVPMS,0
553,0.19282180702945065,7521-YXVZY,0
554,0.17946867037637573,7134-MJPDY,0
555,0.08765397261245422,6075-QMNRR,0
556,0.08002851753245667,0308-GIQJT,0
557,0.7156192875312455,4290-BSXUX,1
558,0.14244641766486332,4851-BQDNX,0
559,0.19487174744727045,7148-XZPHA,0
560,0.75589734265121,8042-JVNFH,1
561,0.022782779149493258,8237-ULIXL,0
562,0.036385838553901165,9092-GDZKO,0
563,0.17744085464849832,6734-CKRSM,0
564,0.15799560516714067,5919-VCZYM,0
565,0.5489565970572635,4026-SKKHW,1
566,0.6123415927459481,3398-FSHON,1
567,0.07511330196590862,7459-IMVYU,0
568,0.1905000865617171,5921-NGYRH,0
569,0.08790482537785761,8679-LZBMD,0
570,0.031086529749981454,9229-RQABD,0
571,0.650540343671702,9514-JDSKI,1
572,0.01814326934702068,7838-LAZFO,0
573,0.30847544287002193,6715-OFDBP,0
574,0.15310264996054065,7895-VONWT,0
575,0.6910366157328767,6328-ZPBGN,1
576,0.5975044309673273,4631-OACRM,1
577,0.012771289385938937,8573-JGCZW,0
578,0.3142482237014046,5402-HTOTQ,0
579,0.002282877048767165,4962-CHQPW,0
580,0.2964672448041873,0851-DFJKB,0
581,0.12802052484718948,5478-JJVZK,0
582,0.12975895660899314,7470-DYNOE,0
583,0.07288731096839166,4139-JPIAM,0
584,0.24781785561931205,9396-ZSFLL,0
585,0.04323117594800767,8630-QSGXK,0
586,0.0033148847765651734,2400-XIWIO,0
587,0.029093274724159235,9650-VBUOG,0
588,0.008438949415789387,3810-PJUHR,0
589,0.6043575976278062,5956-YHHRX,1
590,0.6406337378061964,8622-ZLFKO,1
591,0.0025087880270545145,9531-NSBMR,0
592,0.42143938986643925,9903-LYSAB,0
593,0.47052828934842433,2812-SFXMJ,0
594,0.5065903312737465,8778-LMWTJ,1
595,0.21173178529611023,2673-CXQEU,0
596,0.079571831610306,6036-TTFYU,0
597,0.1647784016181629,2096-XOTMO,0
598,0.1412813466057453,7905-NJMXS,0
599,0.33519027925674194,6141-OOXUQ,0
600,0.004080622870291554,1093-YSWCA,0
601,0.06544020088514509,4732-RRJZC,0
602,0.040453085007671905,4942-VZZOM,0
603,0.08961670140585457,0750-EBAIU,0
604,0.6358657827003261,4902-OHLSK,1
605,0.013155051146143307,6885-PKOAM,0
606,0.00696879302674413,7941-RCJOW,0
607,0.48190693208895896,9158-VCTQB,0
608,0.40233996078722684,9866-QEVEE,0
609,0.24539853728453276,3946-JEWRQ,0
610,0.13257201398467683,4628-CTTLA,0
611,0.8747174977411487,4912-PIGUY,1
612,0.29082002347150543,8465-SBRXP,0
613,0.029391685994467523,3913-FCUUW,0
614,0.01135465291909968,9170-ARBTB,0
615,0.6579656464948147,1400-MMYXY,1
616,0.6049340517953526,4727-MCYZG,1
617,0.29118782493371953,0376-YMCJC,0
618,0.6872874523995672,9057-SIHCH,1
619,0.48200539241681367,2038-LLMLM,0
620,0.08524740972170818,1930-QPBVZ,0
621,0.071374907031541,6048-UWKAL,0
622,0.6326068192063866,1184-PJVDB,1
623,0.026374826317890007,6650-BWFRT,0
624,0.33519027925674194,7721-DVEKZ,0
625,0.012890763361091349,8191-XWSZG,0
626,0.14581271843868604,5619-PTMIK,0
627,0.27357868713859934,8158-WPEZG,0
628,0.4794965875884197,9974-JFBHQ,0
629,0.41211399058214104,0870-VEMYL,0
630,0.014855319584093163,7399-QHBJS,0
631,0.00873016044472457,3654-ARMGP,0
632,0.0013345919005081253,1468-DEFNC,0
633,0.1603705276017299,6818-WOBHJ,0
634,0.010370713801120817,5546-QUERU,0
635,0.004042452346073489,7717-BICXI,0
636,0.007235352891540688,4836-WNFNO,0
637,0.08588070538605766,5820-PTRYM,0
638,0.5878308904793829,1963-SVUCV,1
639,0.48973917125591576,4817-VYYWS,0
640,0.10920365533806048,4939-KYYPY,0
641,0.0032963546418431342,9135-MGVPY,0
642,0.041927711476634315,2282-YGNOR,0
643,0.21978322655069996,8292-TYSPY,0
644,0.7564548841682253,7548-SEPYI,1
645,0.5730527691210218,8992-JQYUN,1
646,0.16277298279976576,6270-OMFIW,0
647,0.09095003147810715,6427-FEFIG,0
648,0.493237887808464,8938-UMKPI,0
649,0.03307734942347942,0617-AQNWT,0
650,0.09360320220980861,0191-ZHSKZ,0
651,0.7494613858728545,6513-EECDB,1
652,0.7534191913896606,9734-YWGEX,1
653,0.42668086871292216,3269-ATYWD,0
654,0.11232313807455836,8089-UZWLX,0
655,0.021340292937123043,1494-EJZDW,0
656,0.5586448180467799,4706-DGAHW,1
657,0.4167742201960642,5669-SRAIP,0
658,0.28756390381227925,1902-XBTFB,0
659,0.5463536509639211,7321-PKUYW,1
660,0.44229647530966076,1394-SUIUH,0
661,0.20355609651156115,0531-ZZJWQ,0
662,0.18192474108075335,7067-KSAZT,0
663,0.025062859408403075,5172-RKOCB,0
664,0.019707877180285754,9847-HNVGP,0
665,0.7244511449146549,2180-DXNEG,1
666,0.6522982029273049,5133-POWUA,1
667,0.6344213871475649,5995-SNNEW,1
668,0.0023929136101627875,7225-IILWY,0
669,0.5930336710142154,6817-WTYHE,1
670,0.4037207040209221,0239-OXEXL,0
671,0.6858328918553438,4395-PZMSN,1
672,0.0620256262488399,7845-URHJN,0
673,0.421146461802385,4724-WXVWF,0
674,0.10285699468976978,3026-ATZYV,0
675,0.19958498206498768,6581-NQCBA,0
676,0.1835777351943354,5515-RUGKN,0
677,0.548850861105092,5628-RKIFK,1
678,0.023264400912876154,2812-ENYMO,0
679,0.1078108815088839,9027-YFHQJ,0
680,0.010446793930213456,9225-BZLNZ,0
681,0.00973016044472457,3166-PNEOF,0
682,0.16159000976541338,8096-LOIST,0
683,0.5231040296966494,5606-AMZBO,1
684,0.18196867037637574,1442-OKRJE,0
685,0.6614292308915709,6689-TCZHQ,1
686,0.0037635891083723644,7167-PCEYD,0
687,0.09237100116946521,3780-DDGSE,0
688,0.06480884587821131,2664-XJZNO,0
689,0.017844166743863382,8766-PAFNE,0
690,0.36812122560051797,5813-UECBU,0
691,0.554710720033398,7252-NTGSS,1
692,0.6400209127689884,6015-VVHHE,1
693,0.05111696197486767,7103-ZGVNT,0
694,0.04435822992006919,1676-MQAOA,0
695,0.03726605686052543,9411-TPQQV,0
696,0.675942201435373,4529-CKBCL,1
697,0.076338746596343,1697-BCSHV,0
698,0.42382875066595305,4662-EKDPQ,0
699,0.14489478028735017,1855-CFULU,0
700,0.5771863759517815,3914-FDRHP,1
701,0.02601841754665065,5003-OKNNK,0
702,0.6644477249877241,3908-BLSYF,1
703,0.5567050831847508,2786-GCDPI,1
704,0.7576672989938932,7295-JOMMD,1
705,0.7490703843470565,9603-OAIHC,1
706,0.14151688805908288,2834-JKOOW,0
707,0.6043087213194722,8780-IXSTS,1
708,0.0026970233211721616,4530-NDRKU,0
709,0.6179327180676046,1866-RZZQS,1
710,0.682104556172307,3097-NQYSN,1
711,0.1155567389688594,0556-FJEGU,0
712,0.48601476025628915,7396-VJUZB,0
713,0.045892838796482795,1265-ZFOSD,0
714,0.10971982972646471,8548-AWOFC,0
715,0.041853036935183566,8663-UPDGF,0
716,0.6493801805582021,0940-OUQEC,1
717,0.0012162103821004985,4716-MRVEN,0
718,0.1482710140158256,7989-AWGEH,0
719,0.852271223950184,9728-FTTVZ,1
720,0.07838848841610177,1623-NLDOT,0
721,0.08812660966454106,9845-PEEKO,0
722,0.2752860972931169,8455-HIRAQ,0
723,0.8756213785550492,5919-TMRGD,1
724,0.02481597061997792,5318-YKDPV,0
725,0.010558852877173381,4475-NVTLU,0
726,0.5663025110460269,1112-CUNAO,1
727,0.018283515324251834,3266-FTKHB,0
728,0.5930336710142154,4208-UFFGW,1
729,0.43132392451645063,1766-GKNMI,0
730,0.1892108111537958,0206-TBWLC,0
731,0.288895516226841,1098-TDVUQ,0
732,0.6676796722858366,3524-WQDSG,1
733,0.0011353217852326804,6855-VLGOS,0
734,0.012771289385938937,7609-NRNCA,0
735,0.40281808853947537,6686-YPGHK,0
736,0.15974200671945868,1360-JYXKQ,0
737,0.6761497005143855,6198-ZFIOJ,1
738,0.7550983766881286,6108-OQZDQ,1
739,0.5263482480941711,4521-YEEHE,1
740,0.6915911425167807,8972-HJWNV,1
741,0.09387883662018058,4115-BNPJY,0
742,0.3450851815097933,4013-GUXND,0
743,0.1803591445194889,2257-BOVXD,0
744,0.18329645484347779,9881-VCZEP,0
745,0.027224965298021236,0485-ZBSLN,0
746,0.6965413802842483,4770-UEZOX,1
747,0.20887950176110187,3209-ZPKFI,0
748,0.12225142947306399,7168-HDQHG,0
749,0.1335895435796364,6308-CQRBU,0
750,0.5929554157667376,8878-HMWBV,1
751,0.41105031151594773,0082-LDZUE,0
752,0.341829853507094,9142-KZXOP,0
753,0.23803869784470583,7905-TVXTA,0
754,0.4727039586977873,1016-DJTSV,0
755,0.02006754165115394,1866-DIOQZ,0
756,0.6973572622717572,0259-GBZSH,1
757,0.2636654843765774,5977-CKHON,0
758,0.3860122433103367,2270-CHBFN,0
759,0.6754399095122067,9878-TNQGW,1
760,0.29529726664750144,0953-LGOVU,0
761,0.17125607955664982,6994-FGRHH,0
762,0.6173400936321431,3658-KIBGF,1
763,0.4361474610131111,2674-MLXMN,0
764,0.03786700509569703,0218-QNVAS,0
765,0.009030157189463763,9392-XBGTD,0
766,0.7095729202495852,9638-JIQYA,1
767,0.015453583793097678,0895-LNKRC,0
768,0.1278008531034459,0013-SMEOE,0
769,0.7920933494400935,1571-SAVHK,1
770,0.7705252598418965,7180-PISOG,1
771,0.26572935735025915,9360-AHGNL,0
772,0.11689331512191782,1154-HYWWO,0
773,0.6258181675410553,8544-GOQSH,1
774,0.24679955333258552,5089-IFSDP,0
775,0.016955990087291945,6928-ONTRW,0
776,0.2678162919136977,8887-IPQNC,0
777,0.6735665173945216,0947-IDHRQ,1
778,0.031251109971199335,7566-DSRLQ,0
779,0.08109791333963233,7188-CBBBA,0
780,0.8655854295850621,8580-AECUZ,1
781,0.412687942246681,0585-EGDDA,0
782,0.0011353217852326804,5296-PSYVW,0
783,0.5731515422750865,0135-NMXAP,1
784,0.17731426287709293,6710-HSJRD,0
785,0.12499035759769703,1729-VLAZJ,0
786,0.05012765339603755,7812-FZHPE,0
787,0.22658852356088782,5876-HZVZM,0
788,0.34872021884739113,5131-PONJI,0
789,0.01980478734487265,5726-CVNYA,0
790,0.15516506139500527,5863-OOKCL,0
791,0.7615887519053883,2982-IHMFT,1
792,0.20040195140996336,0595-ITUDF,0
793,0.5448923705465352,3957-LXOLK,1
794,0.5143134466490072,7668-XCFYV,1
795,0.28766569396433056,7593-JNWRU,0
796,0.34391643018745105,1396-QWFBJ,0
797,0.07927400061565891,3132-TVFDZ,0
798,0.0023182127378131015,1839-FBNFR,0
799,0.40274522393067436,8705-WZCYL,0
800,0.0009425157662651285,6963-EZQEE,0
801,0.04884770887432996,1904-WAJAA,0
802,0.35425963155279944,3727-JEZTU,0
803,0.009943395738842217,1187-WILMM,0
804,0.08570343192831292,1229-RCALF,0
805,0.008245732232027602,1270-XKUCC,0
806,0.1003318275088257,9236-NDUCW,0
807,0.3842025499349873,4465-VDKIQ,0
808,0.18948670133187606,8008-HAWED,0
809,0.8085924134028353,7450-NWRTR,1
810,0.013600863954025079,6732-VAILE,0
811,0.032792024376894185,5575-GNVDE,0
812,0.5937432634214658,9752-ZNQUT,1
813,0.0010223274349501947,3454-JFUBC,0
814,0.6622417745548473,6407-UTSLV,1
815,0.6305449887853467,6656-JWRQX,1
816,0.07100832243766841,4999-IEZLT,0
817,0.15465919631951383,0907-HQNTS,0
818,0.610309251559965,7590-VHVEG,1
819,0.12372082131074986,1060-ENTOF,0
820,0.003855422227637588,3457-PQBYH,0
821,0.04075155726126967,5619-XZZKR,0
822,0.11683885510355242,5555-RNPGT,0
823,0.005143323709239934,0780-XNZFN,0
824,0.653576536172093,3374-LXDEV,1
825,0.3251896707023392,5133-VRSAB,0
826,0.03549181232213922,9388-ZEYVT,0
827,0.19220520805297522,9909-DFRJA,0
828,0.011235918767593436,8577-QSOCG,0
829,0.041784524468806865,2137-DQMEV,0
830,0.05929015502907101,4274-DRSQT,0
831,0.1592538394142212,2758-RNWXS,0
832,0.17192735149066557,5671-UUNXD,0
833,0.38849904439826594,0247-SLUJI,0
834,0.002714178197597724,9919-FZDED,0
835,0.13426453362506174,5840-NVDCG,0
836,0.045668100278652174,4521-WFJAI,0
837,0.017884308868895946,9860-LISIZ,0
838,0.650540343671702,7734-DBOAI,1
839,0.024158702433704594,0057-QBUQH,0
840,0.30014371937733764,6298-QDFNH,0
841,0.001251546071146435,1757-TCATG,0
842,0.26715464497721,6838-YAUVY,0
843,0.47241486709267844,2369-FEVNO,0
844,0.49540611221590886,1169-WCVAK,0
845,0.09752977749783089,8559-CIZFV,0
846,0.06816606193549515,9068-VPWQQ,0
847,0.577702376449817,6543-XRMYR,1
848,0.01935210325179989,8722-PRFDV,0
849,0.2779914730807999,6233-HXJMX,0
850,0.001981882631793527,9668-PUGNU,0
851,0.7041657204592744,7074-IEVOJ,1
852,0.02190231433249215,3506-OVLKD,0
853,0.5875845165767644,3992-YWPKO,1
854,0.43253551579452426,3128-YOVTD,0
855,0.6746151120781774,7389-KBFIT,1
856,0.14755320547643558,4622-YNKIJ,0
857,0.034225020526247076,3778-FOAQW,0
858,0.006067924457593141,3146-JTQHR,0
859,0.22579319315886245,3945-GFWQL,0
860,0.5153822618780811,3987-KQDDU,1
861,0.15406014160916506,6243-OZGFH,0
862,0.725301919499947,7817-BOQPW,1
863,0.33768082393015164,8388-FYNPZ,0
864,0.004112216350321282,4703-MQYKT,0
865,0.030234456970146185,3284-SVCRO,0
866,0.12222115464760659,8847-GEOOQ,0
867,0.0573425622257432,9581-GVBXT,0
868,0.22643654796782822,8350-NYMVI,0
869,0.29510847831281756,6352-TWCAU,0
870,0.11371400190456889,8044-BGWPI,0
871,0.7590422451148762,5834-ASPWA,1
872,0.9189539768472836,5884-GCYMI,1
873,0.28520794835848207,7909-FIOIY,0
874,0.15594390240110273,7055-JCGNI,0
875,0.1167268194017527,1658-XUHBX,0
876,0.47969678900435925,5590-BYNII,0
877,0.04424889166722627,6518-PPLMZ,0
878,0.3426860685379387,9824-BEMCV,0
879,0.033960514147220115,1813-JYWTO,0
880,0.31129287660276067,4350-ZTLPI,0
881,0.8756213785550492,9507-EXLTT,1
882,0.06170300881335392,5766-XQXMQ,0
883,0.14576509305606553,0106-UGRDO,0
884,0.3456574305085468,4257-GAESD,0
885,0.6327391400357327,6683-VLCTZ,1
886,0.7491778474132503,0970-ETWGE,1
887,0.26207835361213916,8679-JOEVF,0
888,0.39381216383601597,4883-QICIH,0
889,0.042589989292512884,7156-MXBJE,0
890,0.8067174950107245,7216-EWTRS,1
891,0.6954599727617722,3370-HXOPH,1
892,0.4888560106674534,8963-JLGJT,0
893,0.6883473090360428,1602-IJQQE,1
894,0.41227365985112874,3791-LGQCY,0
895,0.36434747022591424,4255-DDUOU,0
896,0.04212425020320854,3487-EARAT,0
897,0.4090405075943791,2903-YYTBW,0
898,0.09520489562855987,5688-KZTSN,0
899,0.5152989922133698,4282-YMKNA,1
900,0.06090974276884691,8942-DBMHZ,0
901,0.036880770597051755,8097-OMULG,0
902,0.15973683513913056,5701-ZIKJE,0
903,0.23098528312422786,3144-KMTWZ,0
904,0.03780459946289625,4808-YNLEU,0
905,0.6107568629924938,2232-DMLXU,1
906,0.5229075230551415,1934-SJVJK,1
907,0.0022434562051366017,8197-BFWVU,0
908,0.11129440396279235,5126-RCXYW,0
909,0.3529928514013264,5996-DAOQL,0
910,0.27466434805171647,0030-FNXPP,0
911,0.1239367602353584,4510-PYUSH,0
912,0.11715353239011989,6322-HRPFA,0
913,0.30016645110775797,2057-ZBLPD,0
914,0.40292474994204214,8329-GWVPJ,0
915,0.22221666352933034,3845-FXCYS,0
916,0.8213507124052184,9497-QCMMS,1
917,0.003017070895006253,1080-BWSYE,0
918,0.6825652370956371,5519-NPHVG,1
919,0.017101313269063438,5063-IUOKK,0
920,0.007448421975445587,8450-LUGUK,0
921,0.6171122698078664,7613-LLQFO,1
922,0.7317922396062683,3158-MOERK,1
923,0.47065197672568737,0979-PHULV,0
924,0.04284979240752791,5680-LQOGP,0
925,0.3448498873921462,8620-RJPZN,0
926,0.17780968552526288,4390-KYULV,0
927,0.3997422128231068,1608-GMEWB,0
928,0.10876759971350639,3635-JBPSG,0
929,0.010510223577806961,5542-NKVRU,0
930,0.10693276936276117,7037-MTYVW,0
931,0.5959835144357006,9992-UJOEL,1
932,0.002517133862622355,2987-BJXIK,0
933,0.009916078466471924,0516-QREYC,0
934,0.6513935321443262,7693-LCKZL,1
935,0.1532757335347874,6486-LHTMA,0
936,0.19479423770615423,3419-SNJJD,0
937,0.029205320598035982,3967-VQOGC,0
938,0.5866679983091256,5348-CAGXB,1
939,0.16008394872205461,6625-UTXEW,0
940,0.020108622685026716,2667-WYLWJ,0
941,0.43586421729194036,9819-FBNSV,0
942,0.757934813575483,0519-XUZJU,1
943,0.17059949728739146,9821-BESNZ,0
944,0.1561231525301719,4986-MXSFP,0
945,0.07906462427255262,0191-EQUUH,0
946,0.5164127855376398,4660-IRIBM,1
947,0.46557487873932296,8095-WANWK,0
948,0.11179244127507552,9501-UKKNL,0
949,0.290842520089794,9688-YGXVR,0
950,0.554710720033398,1612-EOHDH,1
951,0.29850380448482466,5730-RIITO,0
952,0.1963258914426014,0208-BPQEJ,0
953,0.013361967443655582,1241-FPMOF,0
954,0.18241342178395045,1984-FCOWB,0
955,0.22562475246280325,7041-TXQJH,0
956,0.13218598678686933,4853-RULSV,0
957,0.07896816753843396,7253-UVNDW,0
958,0.3971368041414209,3536-IQCTX,0
959,0.2341599225954323,9943-VSZUV,0
960,0.18846095262507287,9089-UOWJG,0
961,0.38802986489184055,2452-KDRRH,0
962,0.7409320508076881,7598-UAASY,1
963,0.042241225949540044,5130-YPIRV,0
964,0.5451041015967046,8429-XIBUM,1
965,0.15387884239226152,5702-SKUOB,0
966,0.852271223950184,3716-BDVDB,1
967,0.6280211792615372,8665-UTDHZ,1
968,0.023543909758115582,7841-FCRQD,0
969,0.15233597616476002,4903-UYAVB,0
970,0.04303545140665914,5129-HHMZC,0
971,0.668640896712046,6458-CYIDZ,1
972,0.00973016044472457,9073-ZZIAY,0
973,0.3931178313498608,3404-JNXAX,0
974,0.262958994552247,6121-VZNQB,0
975,0.3750579623551007,3672-YITQD,0
976,0.07880113923965519,6505-OZNPG,0
977,0.11530953847611183,0289-IVARM,0
978,0.013321548165321934,0164-XAIRP,0
979,0.4241444759787052,7284-BUYEC,0
980,0.08056009365123622,2516-XSJKX,0
981,0.13725540996731625,8138-EALND,0
982,0.33013898565820754,6288-LBEAR,0
983,0.3294092810089038,3858-VOBET,0
984,0.06653329657411242,8316-BBQAY,0
985,0.7615530851958436,8040-MNRTF,1
986,0.08409126257439883,8731-WBBMB,0
987,0.4750498887967695,3627-FCRDW,0
988,0.038053257815817115,7139-JZFVG,0
989,0.44807212831125554,8167-GJLRN,0
990,0.5051392176749926,7890-VYYWG,1
991,0.09708889666719207,9386-LDCZR,0
992,0.09222823319380569,4950-BDEUX,0
993,0.06893643390133694,3902-MIVLE,0
994,0.06498407122308789,1139-WUOAH,0
995,0.011964051184949248,5986-WWXDV,0
996,0.3963929214697671,4815-GBTCD,0
997,0.013431387531353112,3549-ZTMNH,0
998,0.01654666528999784,4884-LEVMQ,0
999,0.7473284624458697,5419-CONWX,1
1000,0.040318038044973116,8612-GXIDD,0
1001,0.4355516628720533,4412-YLTKF,0
1002,0.0013042215687778089,0559-CKHUS,0
1003,0.8424459226451019,2004-OCQXK,1
1004,0.13764702925992725,5707-ZMDJP,0
1005,0.026374826317890007,6904-JLBGY,0
1006,0.0024508988635216235,3678-MNGZX,0
1007,0.003271701488950666,9838-BFCQT,0
1008,0.0022434562051366017,1951-IEYXM,0
1009,0.371921158167938,0895-DQHEW,0
1010,0.6845045336819776,3439-GVUSX,1
1011,0.030789954392735918,6253-GNHWH,0
1012,0.2902441557580624,2346-DJQTB,0
1013,0.017045245511778433,5968-HYJRZ,0
1014,0.3450851815097933,3645-DEYGF,0
1015,0.6618583821486403,1346-UFHAX,1
1016,0.07291464499567829,3500-NSDOA,0
1017,0.08606009358658923,3733-UOCWF,0
1018,0.15678781426621397,4304-TSPVK,0
1019,0.10690036692813822,0128-MKWSG,0
1020,0.033543705921733676,2361-FJWNO,0
1021,0.33519027925674194,3785-NRHYR,0
1022,0.00984938056346156,6419-ZTTLE,0
1023,0.5713372920341623,2831-EBWRN,1
1024,0.46626016545083504,4439-YRNVD,0
1025,0.16540678754117452,1150-FTQGN,0
1026,0.04225347722182648,0567-XRHCU,0
1027,0.08749015860294794,8659-HDIYE,0
1028,0.015602525720540945,1561-BWHIN,0
1029,0.029852083205307363,1657-DYMBM,0
1030,0.00042527438695478354,3398-GCPMU,0
1031,0.24204869241275462,6849-OYAMU,0
1032,0.32519276350995946,5906-BFOZT,0
1033,0.06896641116145909,1237-WIYYZ,0
1034,0.5967359853543414,4385-GZQXV,1
1035,0.3652258255394869,2592-YKDIF,0
1036,0.285794785561926,2974-GGUXS,0
1037,0.024725172616582913,2188-SXWVT,0
1038,0.3362130065294692,7989-CHGTL,0
1039,0.175516694445248,2988-QRAJY,0
1040,0.7676493595561523,9399-APLBT,1
1041,0.016634000730508705,9637-CDTKZ,0
1042,0.4931087646454215,7055-HNEOJ,0
1043,0.2732754811274394,2378-HTWFW,0
1044,0.01688688394120925,0164-APGRB,0
1045,0.05936924026379353,5499-ECUTN,0
1046,0.15311293409462381,9618-LFJRU,0
1047,0.19630137521797753,4139-SUGLD,0
1048,0.02451775309566375,3070-FNFZQ,0
1049,0.8600997152993479,2777-PHDEI,1
1050,0.41981435917277277,2842-BCQGE,0
1051,0.01168999878223424,6901-GOGZG,0
1052,0.020046531456283562,2984-RGEYA,0
1053,0.04482234218001427,2530-ENDWQ,0
1054,0.09705160783062224,8671-KKKOS,0
1055,0.011800546158452122,8148-NLEGT,0
1056,0.034094346375080235,1897-OKVMW,0
1057,0.20405299558615994,4816-OKWNX,0
1058,0.10466778215802428,4182-BGSIQ,0
1059,0.6719057899926859,6376-GAHQE,1
1060,0.6234426281483948,8260-NGFNY,1
1061,0.49796281220434113,8229-TNIQA,0
1062,0.0013345919005081253,2236-HILPA,0
1063,0.07507697653313626,0248-PGHBZ,0
1064,0.3044093580667085,0804-XBFBV,0
1065,0.13347558549076127,0369-ZGOVK,0
1066,0.5705014694057686,7901-HXJVA,1
1067,0.515318555403808,2235-ZGKPT,1
1068,0.008193541483241548,3913-RDSJZ,0
1069,0.6680996259567112,9643-AVVWI,1
1070,0.4309767215186273,8149-AIQCG,0
1071,0.011964051184949248,8922-NPKBJ,0
1072,0.07519790526728878,4576-CSAJH,0
1073,0.020621345800353102,1121-QSIVB,0
1074,0.0033757856794068225,3712-PKXZA,0
1075,0.024761477228419752,4707-YNOQA,0
1076,0.015091921684528005,4361-FEBGN,0
1077,0.8688515201981104,0318-QUUOB,1
1078,0.09721473492906225,6576-FBXOJ,0
1079,0.37548508070136366,2479-BRAMR,0
1080,0.05217370782855502,3752-CQSJI,0
1081,0.0010223274349501947,6345-FZOQH,0
1082,0.2853056240245733,7270-BDIOA,0
1083,0.659631376689017,8593-WHYHV,1
1084,0.01265237906947082,5372-FBKBN,0
1085,0.6824560211690864,4030-VPZBD,1
1086,0.8424459226451019,6772-KSATR,1
1087,0.07812181253502061,0068-FIGTF,0
1088,0.053323760135772724,6080-LNESI,0
1089,0.0013345919005081253,1705-GUHPV,0
1090,0.08973800830831971,4227-OJHAL,0
1091,0.1096117447549419,0835-JKADZ,0
1092,0.0323982621456175,3785-KTYSH,0
1093,0.07235175722019117,9114-AAFQH,0
1094,0.13772835278040155,7605-SNLQG,0
1095,0.4484520070002789,3062-ICYZQ,0
1096,0.07285239253382111,7445-WMRBW,0
1097,0.0032314195769080696,9530-GRMJG,0
1098,0.13916219536058155,1205-WNWPJ,0
1099,0.7502007958954685,8413-VONUO,1
1100,0.11635971518148619,6434-TTGJP,0
1101,0.1313219922023909,6728-DKUCO,0
1102,0.7257115851584686,2516-VQRRV,1
1103,0.7730209727240316,7315-WYOAW,1
1104,0.6528107813607369,7501-VTYLJ,1
1105,0.0296387045842623,2749-CTKAJ,0
1106,0.0022434562051366017,5248-YGIJN,0
1107,0.3116613410076571,2178-PMGCJ,0
1108,0.6279641850355572,9314-IJWSQ,1
1109,0.24240590241027266,4338-EYCER,0
1110,0.10270967462332627,7109-MFBYV,0
1111,0.7204706081535993,3318-NMQXL,1
1112,0.08754374871353608,0186-CAERR,0
1113,0.6174811304233359,4860-IJUDE,1
1114,0.020818852623729997,3308-JSGML,0
1115,0.15674882775215088,9530-EHPOH,0
1116,0.13224479234136777,6305-YLBMM,0
1117,0.11223740938109293,3230-WYKIR,0
1118,0.01878920220923547,9945-PSVIP,0
1119,0.1027294527656251,7721-JXEAW,0
1120,0.6440963628237824,3727-RJMEO,1
1121,0.006008952323399082,2230-XTUWL,0
1122,0.24145647968131892,5084-OOVCJ,0
1123,0.4531687187071077,8270-RKSAP,0
1124,0.5978972796224415,8584-KMVXD,1
1125,0.6363375469798511,5842-POCOP,1
1126,0.022579943428747595,2805-AUFQN,0
1127,0.403147038237445,7312-XSBAT,0
1128,0.5893131354109308,4983-CCWMC,1
1129,0.013363609221515185,0804-YGEQV,0
1130,0.02148429031616783,1709-EJDOX,0
1131,0.5009008406122465,2277-DJJDL,1
1132,0.2940173046215372,9470-XCCEM,0
1133,0.05929015502907101,3224-DFQNQ,0
1134,0.6092845387154293,7517-LDMPS,1
1135,0.06477466077805508,8668-KNZTI,0
1136,0.013678550607875919,8207-DMRVL,0
1137,0.6765805132217936,6275-YDUVO,1
1138,0.16200242862556802,0550-DCXLH,0
1139,0.08532656923676023,4365-MSDYN,0
1140,0.2299628263377228,9863-JZAIC,0
1141,0.03730674232499856,7197-VOJMM,0
1142,0.9252842798775868,1084-UQCHV,1
1143,0.4039657334312017,9279-CJEOJ,0
1144,0.033372176906480526,0112-QWPNC,0
1145,0.670547676373063,9095-HFAFX,1
1146,0.0024734523380085783,8873-TMKGR,0
1147,0.6845045336819776,2862-PFNIK,1
1148,0.03218430590986126,7996-BPXHY,0
1149,0.12079982027289493,3399-BMLVW,0
1150,0.15120164673103573,9128-CPXKI,0
1151,0.11942566699661995,5828-DWPIL,0
1152,0.5015689485339923,7969-AULMZ,1
1153,0.49543947186708953,2603-HVKCG,0
1154,0.3288170144149589,0909-SDHNU,0
1155,0.511570325273765,9170-CCKOU,1
1156,0.26803448165088734,4080-OGPJL,0
1157,0.3959106936996299,7623-TRNQN,0
1158,0.6479123856388119,6629-LADHQ,1
1159,0.02788396038534786,4652-ODEVH,0
1160,0.27032842592013606,9862-KJTYK,0
1161,0.7111238230822152,3934-HXCFZ,1
1162,0.039442066937805595,4419-UJMUS,0
1163,0.08925517094306235,7336-RLLRH,0
1164,0.00042527438695478354,3649-JPUGY,0
1165,0.30496033599802536,6599-GZWCM,0
1166,0.31581170899317057,1564-HJUVY,0
1167,0.04510734577271673,9199-PWQVC,0
1168,0.003383425833119531,7606-BPHHN,0
1169,0.6187113627424821,4317-VTEOA,1
1170,0.11543610915535642,3061-BCKYI,0
1171,0.07979631995732364,7716-YTYHG,0
1172,0.017075038725126966,3352-RICWQ,0
1173,0.2410101264161344,0295-QVKPB,0
1174,0.0024862345525675593,1764-VUUMT,0
1175,0.05237797262734305,5989-OMNJE,0
1176,0.5378107541828995,3247-MHJKM,1
1177,0.1766585945930184,9972-NKTFD,0
1178,0.40073963648174443,2359-KLTEK,0
1179,0.6770921175243875,9231-ZJYAM,1
1180,0.017607782267584252,4829-ZLJTK,0
1181,0.40864709481192696,1047-NNCBF,0
1182,0.2498839221811664,6465-GSRCL,0
1183,0.5937432634214658,8286-AFUYI,1
1184,0.06666361940738125,3092-IGHWF,0
1185,0.42382875066595305,0541-FITGH,0
1186,0.37364609224628376,2203-GHNWN,0
1187,0.16479870151533402,7954-MLBUN,0
1188,0.4974235228494446,2675-DHUTR,0
1189,0.15588190970393753,7824-PANSQ,0
1190,0.651081023760049,8805-JNRAZ,1
1191,0.7080275524535855,0390-DCFDQ,1
1192,0.42871353223548403,3923-CSIHK,0
1193,0.03405302030855464,9570-KYEUA,0
1194,0.664249437355965,1075-BGWOH,1
1195,0.056615652134271964,6490-FGZAT,0
1196,0.10878688934627029,1921-KYSAY,0
1197,0.23967992665567178,6732-FZUGP,0
1198,0.12857806083870196,1877-HKBQX,0
1199,0.6150355741591327,9822-WMWVG,1
1200,0.31721666739089527,0877-SDMBN,0
1201,0.20099037694075444,7672-VFMXZ,0
1202,0.10091482754602193,4926-UMJZD,0
1203,0.08166004627933617,4877-TSOFF,0
1204,0.051568467639136056,9391-TTOYH,0
1205,0.6981061921354526,6653-CBBOM,1
1206,0.24807606058037293,7551-DACSP,0
1207,0.6774539634328519,0219-YTZUE,1
1208,0.1130396184656297,0929-PECLO,0
1209,0.5184710466204678,9506-UXUSK,1
1210,0.5752467889107558,7394-FKDNK,1
1211,0.5697800040805153,3797-FKOGQ,1
1212,0.3175725415728649,5600-PDUJF,0
1213,0.2912644532862099,6507-ZJSUR,0
1214,0.02553958551770892,5539-HIVAK,0
1215,0.07460698892740451,6848-YLDFR,0
1216,0.19863330986889224,4446-BZKHU,0
1217,0.0844680941221085,0447-BEMNG,0
1218,0.038333224934463464,3813-DHBBB,0
1219,0.35513504117098904,7742-MYPGI,0
1220,0.026512383648310767,2274-XUATA,0
1221,0.23104494675797876,6652-YFFJO,0
1222,0.19461897616670323,5012-YSPJJ,0
1223,0.45992957515273475,2931-SVLTV,0
1224,0.10119945373124152,6463-MVYRY,0
1225,0.6400209127689884,6435-SRWBJ,1
1226,0.5750003939679083,6906-ANDWJ,1
1227,0.003271701488950666,4625-XMOYM,0
1228,0.013115985452194848,8963-MQVYN,0
1229,0.11766902774110928,1891-QRQSA,0
1230,0.41604956024372364,3090-LETTY,0
1231,0.10695576260605717,1376-HHBDV,0
1232,0.07984962481284874,7771-ZONAT,0
1233,0.009589889848094755,0608-JDVEC,0
1234,0.08524823684493416,2925-MXLSX,0
1235,0.05871578787757146,6374-AFWOX,0
1236,0.07888594670645759,1125-SNVCK,0
1237,0.018799830320782404,6762-NSODU,0
1238,0.007530157189463762,3373-DIUUN,0
1239,0.02035286042568824,4102-HLENU,0
1240,0.18096436433159455,3346-BRMIS,0
1241,0.0011353217852326804,4302-ZYFEL,0
1242,0.22644416383845445,5204-QZXPU,0
1243,0.6208428306858039,9588-OZDMQ,1
1244,0.10510079803415855,3714-XPXBW,0
1245,0.3028644921564274,5766-ZJYBB,0
1246,0.5572816193881769,0637-YLETY,1
1247,0.6561146198279786,1142-WACZW,1
1248,0.68619711202924,2276-YDAVZ,1
1249,0.7555807066533375,4988-IQIGL,1
1250,0.05397486711330977,4083-EUGRJ,0
1251,0.1599610651317337,2805-EDJPQ,0
1252,0.10703415620326912,9402-ROUMJ,0
1253,0.12548910169397598,0431-APWVY,0
1254,0.14288993409289025,5944-UGLLK,0
1255,0.04463126615361748,5397-TUPSH,0
1256,0.7605887519053884,3551-HUAZH,1
1257,0.09121028764562744,9774-NRNAU,0
1258,0.5154687305743022,9505-SQFSW,1
1259,0.09927059536458589,9817-APLHW,0
1260,0.5844336833283318,1513-XNPPH,1
1261,0.18803328588840032,3733-ZEECP,0
1262,0.4898557567982327,2697-NQBPF,0
1263,0.033077302263103396,3623-FQBOX,0
1264,0.021323491585215557,9805-FILKB,0
1265,0.10746496333920476,7228-PAQPD,0
1266,0.13178902625970598,0757-WCUUZ,0
1267,0.03577802896499129,4111-BNXIF,0
1268,0.5143134466490072,6198-RTPMF,1
1269,0.07071154391099661,0930-EHUZA,0
1270,0.24206268018509688,7526-IVLYU,0
1271,0.5075487785772116,3452-GWUIN,1
1272,0.2147345099066561,8400-WZICQ,0
1273,0.07645208692271584,4254-QPEDE,0
1274,0.06814694052567721,1023-BQXZE,0
1275,0.2527017559004212,5161-XEUVX,0
1276,0.20042666123200273,4250-WAROZ,0
1277,0.608778401410312,4423-YLHDV,1
1278,0.006067924457593141,9424-CMPOG,0
1279,0.5166532570842852,0742-MOABM,1
1280,0.07658902751744918,7706-DZNKK,0
1281,0.0035421715090745804,2729-VNVAP,0
1282,0.3198358607970928,8404-GFGCZ,0
1283,0.023870699326504576,4335-UPJSI,0
1284,0.6799417806455403,4367-NHWMM,1
1285,0.36358844511741745,8630-FJLIB,0
1286,0.12196862333348038,8780-RSYYU,0
1287,0.4275117624170138,6899-PPEEA,0
1288,0.05841206287939537,0774-RMNUW,0
1289,0.5599000296764673,1965-DDBWU,1
1290,0.012890763361091349,3212-KXOCR,0
1291,0.21243618727234323,0409-WTMPL,0
1292,0.3527183213464975,0867-MKZVY,0
1293,0.44328194519627784,7814-LEEVE,0
1294,0.13420748306242059,7883-ROJOC,0
1295,0.007861969187761502,4825-FUREZ,0
1296,0.3016756602720331,5325-UWTWJ,0
1297,0.1332031058028832,3629-WEAAM,0
1298,0.26959826829787464,3345-PBBFH,0
1299,0.5490152109021502,3030-YDNRM,1
1300,0.42217841790264443,2722-JMONI,0
1301,0.16731646907519754,4690-LLKUA,0
1302,0.01378149965550094,4318-RAJVY,0
1303,0.4306421291494578,5371-VYLSX,0
1304,0.11454299688137015,7529-ZDFXI,0
1305,0.07885557719380114,0661-WCQNQ,0
1306,0.1514450085581182,7103-IPXPJ,0
1307,0.30075364841253305,3640-PHQXK,0
1308,0.19877344649077788,9101-NTIXF,0
1309,0.4424946155544015,2475-MROZF,0
1310,0.7448504737437621,8414-MYSHR,1
1311,0.014855319584093163,6087-YPWHO,0
1312,0.0447384368216618,2495-TTHBQ,0
1313,0.1807461161112681,8982-NHAVY,0
1314,0.08519048074151754,3280-MRDOF,0
1315,0.6234426281483948,2209-XADXF,1
1316,0.3133085046080397,3569-EDBPQ,0
1317,0.09241859628331849,7654-YWJUF,0
1318,0.47476646472105616,2542-HYGIQ,0
1319,0.04072256911143041,6094-ZIVKX,0
1320,0.0033148847765651734,3508-VLHCZ,0
1321,0.39460875507568444,2115-BFTIW,0
1322,0.651745491519829,1925-TIBLE,1
1323,0.017563315093255476,7319-ZNRTR,0
1324,0.5960621234699125,0224-RLWWD,1
1325,0.3362130065294692,4588-YBNIB,0
1326,0.08408445946477315,2223-GDSHL,0
1327,0.8669476590222915,6910-HADCM,1
1328,0.26557564634898484,0921-OHLVP,0
1329,0.05137558417705155,8819-WFGGJ,0
1330,0.6800714751628563,3106-ULWFW,1
1331,0.11760077391148185,9018-PCIOK,0
1332,0.04322444887998322,6211-WWLTF,0
1333,0.31712990550179154,2684-EIWEO,0
1334,0.19128912602039186,8450-UYIBU,0
1335,0.27546156619321577,6791-YBNAK,0
1336,0.49883010629469615,3254-YRILK,0
1337,0.00890710047154723,4698-KVLLG,0
1338,0.0013345919005081253,7608-RGIRO,0
1339,0.4439196403684682,8547-NSBBO,0
1340,0.3320038819084378,7241-AJHFS,0
1341,0.056653429863880514,7995-ZHHNZ,0
1342,0.24521251939352734,4710-NKCAW,0
1343,0.5204626987156299,6542-LWGXJ,1
1344,0.5272135761018562,1626-ERCMM,1
1345,0.4474548277823665,9208-OLGAQ,0
1346,0.06823402781931387,4369-NYSCF,0
1347,0.07422948190678844,2722-VOJQL,0
1348,0.11701461136483499,3682-YEUWS,0
1349,0.1136230029732266,5018-HEKFO,0
1350,0.09095003147810715,0810-BDHAW,0
1351,0.36434747022591424,3803-KMQFW,0
1352,0.7830731452269838,1455-UGQVH,1
1353,0.013787104922755491,7601-DHFWZ,0
1354,0.030259795631732693,3719-TDVQB,0
1355,0.03216608055368622,1042-HFUCW,0
1356,0.6719057899926859,7786-WBJYI,1
1357,0.29867369101776214,3023-GFLBR,0
1358,0.009705582908125385,7711-GQBZC,0
1359,0.1321473141172562,2091-MJTFX,0
1360,0.4117701632586323,4847-QNOKA,0
1361,0.11580559076412617,8220-OCUFY,0
1362,0.6850197615659052,2379-ENZGV,1
1363,0.5078001344199886,5759-RCVCB,1
1364,0.6883473090360428,0221-WMXNQ,1
1365,0.48592878071028234,9600-UDOPK,0
1366,0.10193504920375611,5148-ORICT,0
1367,0.3569620500169999,6235-VDHOM,0
1368,0.6418214853098371,2674-MIAHT,1
1369,0.05600548722641725,3129-AAQOU,0
1370,0.2610136549990116,0013-MHZWF,0
1371,0.2001957103810687,5887-IKKYO,0
1372,0.6603920584428045,9732-EQMWY,1
1373,0.6244126153459656,8337-MSSXB,1
1374,0.10119945373124152,0602-DDUML,0
1375,0.5341040396674115,8868-WOZGU,1
1376,0.07457120605746372,3197-NNYNB,0
1377,0.10810912524601647,4508-OEBEY,0
1378,0.4784540220293411,8397-MVTAZ,0
1379,0.0049334573376981945,8966-SNIZF,0
1380,0.016355185149983794,6508-NJYRO,0
1381,0.03405399062754973,5062-CJJKH,0
1382,0.4083412206068568,7663-RGWBC,0
1383,0.16936506127532727,3195-TQDZX,0
1384,0.7524988711565648,5649-ANRML,1
1385,0.14910267453410156,8033-ATFAS,0
1386,0.18001276070451572,9770-KXGQU,0
1387,0.21975267180262076,0623-IIHUG,0
1388,0.11154102359945646,4598-ZADCK,0
1389,0.0019998924833120103,3108-PCCGG,0
1390,0.4475169688705545,6769-DYBQN,0
1391,0.13231301147530894,1337-BOZWO,0
1392,0.1040037014862501,7925-PNRGI,0
1393,0.08339741045354435,1768-HNVGJ,0
1394,0.5122685999645936,2823-LKABH,1
1395,0.27490431356873446,7233-IOQNP,0
1396,0.17093385421628363,2731-GJRDG,0
1397,0.6436878542180517,4441-NIHPT,1
1398,0.07157014734845042,3882-IYOIJ,0
1399,0.09432943939465675,8563-IIOXK,0
1400,0.16842389349432696,1217-VASWC,0
1401,0.006810858943849727,6447-EGDIV,0
1402,0.0013345919005081253,9361-YNQWJ,0
1403,0.3989036296906398,4393-RYCRE,0
1404,0.3997430628573187,1597-FZREH,0
1405,0.6531023987315008,9117-SHLZX,1
1406,0.003604719887444019,8441-SHIPE,0
1407,0.08410389964039436,3511-BFTJW,0
1408,0.5492878558637123,1428-GTBJJ,1
